name,category,note
들깨_싹_생것,채소,"들깨 대표식품명 안에 씨앗(간식·음료)과 잎/싹(채소)이 섞여 있음. 이 항목은 싹으로 잎채소 형태라 채소로 개별 지정"
들깨_잎_생것,채소,"들깨 대표식품명 안에 씨앗(간식·음료)과 잎/싹(채소)이 섞여 있음. 이 항목은 잎(깻잎)이라 채소로 개별 지정"
들깨_잎_데친것,채소,"들깨 대표식품명 안에 씨앗(간식·음료)과 잎/싹(채소)이 섞여 있음. 이 항목은 잎(깻잎)이라 채소로 개별 지정"
들깨_잎_찐것,채소,"들깨 대표식품명 안에 씨앗(간식·음료)과 잎/싹(채소)이 섞여 있음. 이 항목은 잎(깻잎)이라 채소로 개별 지정"
꾸지뽕_잎_생것,채소,"꾸지뽕 대표식품명 안에 열매(과일)와 잎(채소)이 섞여 있음. 이 항목은 잎이라 채소로 개별 지정"
꾸지뽕_잎_말린것,채소,"꾸지뽕 대표식품명 안에 열매(과일)와 잎(채소)이 섞여 있음. 이 항목은 잎이라 채소로 개별 지정"
꾸지뽕_잎_삶은것,채소,"꾸지뽕 대표식품명 안에 열매(과일)와 잎(채소)이 섞여 있음. 이 항목은 잎이라 채소로 개별 지정"
구기자_재래종_순_생것,채소,"구기자 대표식품명 안에 열매(과일)와 순/잎(채소)이 섞여 있음. 이 항목은 순(어린잎)이라 채소로 개별 지정"
구기자_재래종_잎_생것,채소,"구기자 대표식품명 안에 열매(과일)와 순/잎(채소)이 섞여 있음. 이 항목은 잎이라 채소로 개별 지정"
